{"schemaVersion":"1.0","appDefinitionTemplate":{"id":"/providers/Microsoft.PowerApps/apps/","type":"Microsoft.PowerApps/apps","tags":{"primaryDeviceWidth":"768","primaryDeviceHeight":"1366","supportsPortrait":"true","supportsLandscape":"false","primaryFormFactor":"Tablet","showStatusBar":"false","publisherVersion":"3.24082.13","minimumRequiredApiVersion":"2.2.0","hasComponent":"false","hasUnlockedComponent":"false","isUnifiedRootApp":"false","sienaVersion":"20240825T090136Z-3.24082.13.0"},"properties":{"appVersion":"2024-08-25T09:01:36Z","lifeCycleId":"Published","createdByClientVersion":{"major":3,"minor":24082,"build":13,"revision":0,"majorRevision":0,"minorRevision":0},"minClientVersion":{"major":3,"minor":24082,"build":13,"revision":0,"majorRevision":0,"minorRevision":0},"backgroundColor":"rgba(0, 0, 0, 1)","backgroundImageUri":"/1856648448586314263/N6d12fd28-8a57-42f1-bf5e-98afa109834c-logoSmallFile","displayName":"EPM Companion","description":"","commitMessage":"","appUris":{"documentUri":{"value":"/1856648448586314263/N756fe70a-bda7-42ce-a00b-197d9445c34b-document.msapp"},"imageUris":[],"additionalUris":[{"isSolutionAware":false,"value":"/1856648448586314263/Ne0622716-5829-4a18-a2bd-8b983cbf126b-identity.json"}]},"createdTime":"0001-01-01T00:00:00Z","lastModifiedTime":"0001-01-01T00:00:00Z","sharedGroupsCount":0,"sharedUsersCount":0,"connectionReferences":{"1aa929f7-41b1-4dd0-9ffe-227ac6479b6e":{"id":"77ea7491-df18-437c-b1ec-3123b16b1d9a","displayName":"Logic flows","iconUri":"https://connectoricons-prod.azureedge.net/releases/v1.0.1697/1.0.1697.3780/logicflows/icon.png","dataSources":["Get-ElevationRequests"],"dependencies":[],"dependents":[],"parameterHints":{"workflowName":{"value":"ae55cf36-a45d-457d-8a8d-75e19024a146"},"workflowEntityId":{},"workflowDisplayName":{"value":"Get-ElevationRequests"}},"parameterHintsV2":{"workflowName":{"value":"ae55cf36-a45d-457d-8a8d-75e19024a146"},"workflowEntityId":{},"workflowDisplayName":{"value":"Get-ElevationRequests"}},"isOnPremiseConnection":false,"bypassConsent":false,"dataSets":{},"apiTier":"Standard","isCustomApiConnection":false,"actions":["Run"]},"7762de0a-f6a0-4ea5-a9a9-10ffedba4c26":{"id":"77ea7491-df18-437c-b1ec-3123b16b1d9a","displayName":"Logic flows","iconUri":"https://connectoricons-prod.azureedge.net/releases/v1.0.1697/1.0.1697.3780/logicflows/icon.png","dataSources":["Set-ElevationRequests"],"dependencies":[],"dependents":[],"parameterHints":{"workflowName":{"value":"fe6285df-270b-4e5e-ae27-62cea2500951"},"workflowEntityId":{},"workflowDisplayName":{"value":"Set-ElevationRequests"}},"parameterHintsV2":{"workflowName":{"value":"fe6285df-270b-4e5e-ae27-62cea2500951"},"workflowEntityId":{},"workflowDisplayName":{"value":"Set-ElevationRequests"}},"isOnPremiseConnection":false,"bypassConsent":false,"dataSets":{},"apiTier":"Standard","isCustomApiConnection":false,"actions":["Run"]}},"databaseReferences":{},"almMode":"Environment","performanceOptimizationEnabled":true,"canConsumeAppPass":true,"enableModernRuntimeMode":false,"executionRestrictions":{"isTeamsOnly":false,"dataLossPreventionEvaluationResult":{"status":"Compliant","lastEvaluationDate":"2024-08-24T19:13:13.3870619Z","violations":[],"violationsByPolicy":[],"violationErrorMessage":"The app uses the following connectors: shared_logicflows."},"httpActionRestriction":{"appUsesSharepointHttpAction":false,"enforcementStrategy":"Legacy","evaluationTime":"2024-08-24T19:13:13.3869689Z"}}},"appType":"ClassicCanvasApp","appComponents":[]}}