{"name":"7e141a40-22b8-4131-874d-d372c76e712c","id":"/providers/Microsoft.Flow/flows/7e141a40-22b8-4131-874d-d372c76e712c","type":"Microsoft.Flow/flows","properties":{"apiId":"/providers/Microsoft.PowerApps/apis/shared_logicflows","displayName":"Get-ElevationRequests","definition":{"metadata":{"workflowEntityId":null,"processAdvisorMetadata":null,"flowChargedByPaygo":null,"flowclientsuspensionreason":"None","flowclientsuspensiontime":null,"flowclientsuspensionreasondetails":null,"creator":{"id":"1ffd00ba-60d9-43a8-a0a5-e8a1147a4b8d","type":"User","tenantId":"95204a72-3af2-4765-830b-f519df91155a"},"provisioningMethod":"FromDefinition","failureAlertSubscription":true,"clientLastModifiedTime":"2024-08-25T09:00:11.2234311Z","connectionKeySavedTimeKey":"2024-08-25T09:00:11.2234311Z"},"$schema":"https://schema.management.azure.com/providers/Microsoft.Logic/schemas/2016-06-01/workflowdefinition.json#","contentVersion":"undefined","parameters":{"$authentication":{"defaultValue":{},"type":"SecureObject"},"$connections":{"defaultValue":{},"type":"Object"}},"triggers":{"manual":{"type":"Request","kind":"PowerAppV2","inputs":{"schema":{"type":"object","properties":{},"required":[]}}}},"actions":{"HTTP":{"runAfter":{},"type":"Http","inputs":{"uri":"https://graph.microsoft.com/beta/deviceManagement/elevationRequests?$filter=status%20eq%20'pending'","method":"GET","authentication":{"type":"ActiveDirectoryOAuth","authority":"","tenant":"<INSERT Tenant ID Here>","audience":"https://graph.microsoft.com","clientId":"<INSERT Client ID HERE>","secret":"<INSERT Secret value here>"}},"runtimeConfiguration":{"contentTransfer":{"transferMode":"Chunked"}}},"Response":{"runAfter":{"HTTP":["Succeeded"]},"type":"Response","kind":"Http","inputs":{"statusCode":200,"body":"@body('HTTP')","schema":{"type":"object","properties":{"@@odata.context":{"type":"string"},"value":{"type":"array","items":{"type":"object","properties":{"id":{"type":"string"},"requestedByUserPrincipalName":{"type":"string"},"requestCreatedDateTime":{"type":"string"},"requestLastModifiedDateTime":{"type":"string"},"requestJustification":{"type":"string"},"status":{"type":"string"},"applicationDetail":{"type":"object","properties":{"fileHash":{"type":"string"},"fileName":{"type":"string"},"filePath":{"type":"string"},"fileDescription":{"type":"string"},"publisherName":{"type":"string"},"publisherCert":{"type":"string"},"productName":{"type":"string"},"productInternalName":{"type":"string"},"productVersion":{"type":"string"}}}},"required":["id","requestedByUserPrincipalName","requestCreatedDateTime","requestLastModifiedDateTime","requestJustification","status","applicationDetail"]}}}}}}}},"connectionReferences":{},"flowFailureAlertSubscribed":false,"isManaged":false}}