{"name":"e1bc5469-6603-47b2-908c-e3a7a81cc174","id":"/providers/Microsoft.Flow/flows/e1bc5469-6603-47b2-908c-e3a7a81cc174","type":"Microsoft.Flow/flows","properties":{"apiId":"/providers/Microsoft.PowerApps/apis/shared_logicflows","displayName":"Set-ElevationRequests","definition":{"metadata":{"workflowEntityId":null,"processAdvisorMetadata":null,"flowChargedByPaygo":null,"flowclientsuspensionreason":"None","flowclientsuspensiontime":null,"flowclientsuspensionreasondetails":null,"creator":{"id":"1ffd00ba-60d9-43a8-a0a5-e8a1147a4b8d","type":"User","tenantId":"95204a72-3af2-4765-830b-f519df91155a"},"provisioningMethod":"FromDefinition","failureAlertSubscription":true,"clientLastModifiedTime":"2024-08-25T09:00:53.2553272Z","connectionKeySavedTimeKey":"2024-08-25T09:00:53.2553272Z"},"$schema":"https://schema.management.azure.com/providers/Microsoft.Logic/schemas/2016-06-01/workflowdefinition.json#","contentVersion":"undefined","parameters":{"$authentication":{"defaultValue":{},"type":"SecureObject"},"$connections":{"defaultValue":{},"type":"Object"}},"triggers":{"manual":{"type":"Request","kind":"PowerAppV2","inputs":{"schema":{"type":"object","properties":{"text":{"description":"Please enter your input","title":"Action","type":"string","x-ms-content-hint":"TEXT","x-ms-dynamically-added":true},"text_1":{"description":"Please enter your input","title":"ID","type":"string","x-ms-content-hint":"TEXT","x-ms-dynamically-added":true},"text_2":{"description":"Please enter your input","title":"Reason","type":"string","x-ms-content-hint":"TEXT","x-ms-dynamically-added":true}},"required":["text","text_1","text_2"]}}}},"actions":{"HTTP":{"runAfter":{},"type":"Http","inputs":{"uri":"https://graph.microsoft.com/beta/deviceManagement/elevationRequests/@{triggerBody()?['text_1']}/@{triggerBody()?['text']}","method":"POST","body":{"reviewerJustification":"@{triggerBody()?['text_2']}"},"authentication":{"type":"ActiveDirectoryOAuth","authority":"","tenant":"<INSERT Tenant ID here>","audience":"https://graph.microsoft.com","clientId":"<INSERT Client ID here>","secret":"<INSERT Secret value here>"}},"runtimeConfiguration":{"contentTransfer":{"transferMode":"Chunked"}}},"Response":{"runAfter":{"HTTP":["Succeeded"]},"type":"Response","kind":"Http","inputs":{"statusCode":"@outputs('HTTP')?['statusCode']"}}}},"connectionReferences":{},"flowFailureAlertSubscribed":false,"isManaged":false}}